timestamp,phase,ultrasonic_cm
2867.374,A_ultrasonic_alone,19.6
2867.504,A_ultrasonic_alone,19.6
2867.633,A_ultrasonic_alone,19.6
2867.698,A_ultrasonic_alone,19.6
2867.827,A_ultrasonic_alone,19.6
2867.892,A_ultrasonic_alone,19.6
2868.021,A_ultrasonic_alone,19.6
2868.086,A_ultrasonic_alone,19.6
2868.215,A_ultrasonic_alone,19.6
2868.279,A_ultrasonic_alone,19.6
2868.408,A_ultrasonic_alone,19.6
2868.473,A_ultrasonic_alone,19.6
2868.602,A_ultrasonic_alone,19.6
2868.731,A_ultrasonic_alone,19.6
2868.796,A_ultrasonic_alone,19.6
2868.925,A_ultrasonic_alone,19.6
2868.989,A_ultrasonic_alone,19.6
2869.119,A_ultrasonic_alone,19.5
2869.183,A_ultrasonic_alone,19.6
2869.312,A_ultrasonic_alone,19.6
2869.377,A_ultrasonic_alone,19.6
2869.506,A_ultrasonic_alone,19.7
2869.635,A_ultrasonic_alone,19.6
2869.700,A_ultrasonic_alone,19.5
2869.829,A_ultrasonic_alone,19.6
2869.894,A_ultrasonic_alone,19.6
2870.023,A_ultrasonic_alone,19.6
2870.088,A_ultrasonic_alone,19.6
2870.217,A_ultrasonic_alone,19.6
2870.281,A_ultrasonic_alone,19.6
2870.410,A_ultrasonic_alone,19.6
2870.539,A_ultrasonic_alone,19.6
2870.604,A_ultrasonic_alone,19.6
2870.733,A_ultrasonic_alone,19.6
2870.798,A_ultrasonic_alone,19.6
2870.927,A_ultrasonic_alone,19.6
2870.991,A_ultrasonic_alone,19.6
2871.120,A_ultrasonic_alone,19.6
2871.185,A_ultrasonic_alone,19.6
2871.314,A_ultrasonic_alone,19.6
2871.379,A_ultrasonic_alone,19.6
2871.508,A_ultrasonic_alone,19.6
2871.637,A_ultrasonic_alone,19.6
2871.702,A_ultrasonic_alone,19.6
2871.831,A_ultrasonic_alone,19.6
2871.896,A_ultrasonic_alone,19.6
2872.025,A_ultrasonic_alone,19.6
2872.089,A_ultrasonic_alone,19.6
2872.219,A_ultrasonic_alone,19.6
2872.283,A_ultrasonic_alone,19.6
2872.412,A_ultrasonic_alone,19.6
2872.542,A_ultrasonic_alone,19.6
2872.606,A_ultrasonic_alone,19.6
2872.735,A_ultrasonic_alone,19.5
2872.800,A_ultrasonic_alone,19.6
2872.929,A_ultrasonic_alone,19.6
2872.994,A_ultrasonic_alone,19.5
2873.123,A_ultrasonic_alone,19.6
2873.188,A_ultrasonic_alone,19.6
2873.317,A_ultrasonic_alone,19.6
2873.446,A_ultrasonic_alone,19.6
2873.510,A_ultrasonic_alone,19.6
2873.639,A_ultrasonic_alone,19.6
2873.704,A_ultrasonic_alone,19.5
2873.834,A_ultrasonic_alone,19.6
2873.898,A_ultrasonic_alone,19.6
2874.027,A_ultrasonic_alone,19.5
2874.092,A_ultrasonic_alone,19.6
2874.221,A_ultrasonic_alone,19.6
2874.285,A_ultrasonic_alone,19.6
2874.414,A_ultrasonic_alone,19.6
2874.543,A_ultrasonic_alone,19.6
2874.608,A_ultrasonic_alone,19.6
2874.737,A_ultrasonic_alone,19.6
2874.802,A_ultrasonic_alone,19.6
2874.931,A_ultrasonic_alone,19.6
2874.996,A_ultrasonic_alone,19.6
2875.125,A_ultrasonic_alone,19.6
2875.190,A_ultrasonic_alone,19.7
2875.319,A_ultrasonic_alone,19.6
2875.448,A_ultrasonic_alone,19.6
2875.512,A_ultrasonic_alone,19.6
2875.641,A_ultrasonic_alone,19.6
2875.706,A_ultrasonic_alone,19.5
2875.835,A_ultrasonic_alone,19.6
2875.900,A_ultrasonic_alone,19.6
2876.029,A_ultrasonic_alone,19.6
2876.094,A_ultrasonic_alone,19.6
2876.223,A_ultrasonic_alone,19.6
2876.352,A_ultrasonic_alone,19.6
2876.416,A_ultrasonic_alone,19.6
2876.545,A_ultrasonic_alone,19.6
2876.610,A_ultrasonic_alone,19.6
2876.739,A_ultrasonic_alone,19.6
2876.804,A_ultrasonic_alone,19.6
2876.933,A_ultrasonic_alone,19.6
2876.998,A_ultrasonic_alone,19.6
2877.127,A_ultrasonic_alone,19.6
2877.191,A_ultrasonic_alone,19.6
2877.321,A_ultrasonic_alone,19.6
2877.450,A_ultrasonic_alone,19.6
2877.514,A_ultrasonic_alone,19.6
2877.643,A_ultrasonic_alone,19.6
2877.708,A_ultrasonic_alone,19.5
2877.837,A_ultrasonic_alone,19.6
2877.902,A_ultrasonic_alone,19.6
2878.031,A_ultrasonic_alone,19.6
2878.096,A_ultrasonic_alone,19.6
2878.225,A_ultrasonic_alone,19.6
2878.354,A_ultrasonic_alone,19.6
2878.418,A_ultrasonic_alone,19.6
2878.547,A_ultrasonic_alone,19.6
2878.612,A_ultrasonic_alone,19.6
2878.741,A_ultrasonic_alone,19.6
2878.806,A_ultrasonic_alone,19.6
2878.935,A_ultrasonic_alone,19.6
2879.000,A_ultrasonic_alone,19.6
2879.129,A_ultrasonic_alone,19.6
2879.258,A_ultrasonic_alone,19.6
2879.323,A_ultrasonic_alone,19.6
2879.451,A_ultrasonic_alone,19.6
2879.516,A_ultrasonic_alone,19.6
2879.645,A_ultrasonic_alone,19.6
2879.710,A_ultrasonic_alone,19.5
2879.839,A_ultrasonic_alone,19.6
2879.904,A_ultrasonic_alone,19.6
2880.033,A_ultrasonic_alone,19.6
2880.098,A_ultrasonic_alone,19.6
2880.227,A_ultrasonic_alone,19.6
2880.356,A_ultrasonic_alone,19.6
2880.421,A_ultrasonic_alone,19.6
2880.550,A_ultrasonic_alone,19.6
2880.614,A_ultrasonic_alone,19.6
2880.744,A_ultrasonic_alone,19.5
2880.808,A_ultrasonic_alone,19.6
2880.937,A_ultrasonic_alone,19.6
2881.002,A_ultrasonic_alone,19.6
2881.131,A_ultrasonic_alone,19.6
2881.260,A_ultrasonic_alone,19.6
2881.325,A_ultrasonic_alone,19.6
2881.454,A_ultrasonic_alone,19.6
2881.519,A_ultrasonic_alone,19.6
2881.648,A_ultrasonic_alone,19.6
2881.712,A_ultrasonic_alone,19.5
2881.841,A_ultrasonic_alone,19.6
2881.906,A_ultrasonic_alone,19.6
2882.035,A_ultrasonic_alone,19.6
2882.165,A_ultrasonic_alone,19.6
2882.229,A_ultrasonic_alone,19.6
2882.358,A_ultrasonic_alone,19.6
2888.301,B_ultrasonic_plus_vl53l1x,19.6
2888.366,B_ultrasonic_plus_vl53l1x,19.6
2888.495,B_ultrasonic_plus_vl53l1x,19.6
2888.560,B_ultrasonic_plus_vl53l1x,19.6
2888.689,B_ultrasonic_plus_vl53l1x,19.6
2888.753,B_ultrasonic_plus_vl53l1x,19.6
2888.882,B_ultrasonic_plus_vl53l1x,19.6
2889.012,B_ultrasonic_plus_vl53l1x,19.6
2889.076,B_ultrasonic_plus_vl53l1x,19.6
2889.206,B_ultrasonic_plus_vl53l1x,19.6
2889.270,B_ultrasonic_plus_vl53l1x,19.6
2889.399,B_ultrasonic_plus_vl53l1x,19.6
2889.464,B_ultrasonic_plus_vl53l1x,19.6
2889.593,B_ultrasonic_plus_vl53l1x,19.6
2889.657,B_ultrasonic_plus_vl53l1x,19.6
2889.787,B_ultrasonic_plus_vl53l1x,19.6
2889.916,B_ultrasonic_plus_vl53l1x,19.6
2889.981,B_ultrasonic_plus_vl53l1x,19.5
2890.110,B_ultrasonic_plus_vl53l1x,19.6
2890.174,B_ultrasonic_plus_vl53l1x,19.6
2890.304,B_ultrasonic_plus_vl53l1x,19.6
2890.368,B_ultrasonic_plus_vl53l1x,19.6
2890.497,B_ultrasonic_plus_vl53l1x,19.6
2890.562,B_ultrasonic_plus_vl53l1x,19.6
2890.691,B_ultrasonic_plus_vl53l1x,19.6
2890.756,B_ultrasonic_plus_vl53l1x,19.6
2890.885,B_ultrasonic_plus_vl53l1x,19.6
2891.014,B_ultrasonic_plus_vl53l1x,19.6
2891.079,B_ultrasonic_plus_vl53l1x,19.5
2891.208,B_ultrasonic_plus_vl53l1x,19.7
2891.273,B_ultrasonic_plus_vl53l1x,19.6
2891.402,B_ultrasonic_plus_vl53l1x,19.6
2891.466,B_ultrasonic_plus_vl53l1x,19.5
2891.595,B_ultrasonic_plus_vl53l1x,19.6
2891.660,B_ultrasonic_plus_vl53l1x,19.5
2891.789,B_ultrasonic_plus_vl53l1x,19.6
2891.918,B_ultrasonic_plus_vl53l1x,19.6
2891.983,B_ultrasonic_plus_vl53l1x,19.5
2892.112,B_ultrasonic_plus_vl53l1x,19.6
2892.177,B_ultrasonic_plus_vl53l1x,19.6
2892.306,B_ultrasonic_plus_vl53l1x,19.6
2892.370,B_ultrasonic_plus_vl53l1x,19.6
2892.499,B_ultrasonic_plus_vl53l1x,19.5
2892.564,B_ultrasonic_plus_vl53l1x,19.6
2892.694,B_ultrasonic_plus_vl53l1x,19.6
2892.759,B_ultrasonic_plus_vl53l1x,19.6
2892.888,B_ultrasonic_plus_vl53l1x,19.6
2893.018,B_ultrasonic_plus_vl53l1x,19.6
2893.082,B_ultrasonic_plus_vl53l1x,19.6
2893.211,B_ultrasonic_plus_vl53l1x,19.6
2893.276,B_ultrasonic_plus_vl53l1x,19.6
2893.405,B_ultrasonic_plus_vl53l1x,19.6
2893.470,B_ultrasonic_plus_vl53l1x,19.6
2893.599,B_ultrasonic_plus_vl53l1x,19.6
2893.663,B_ultrasonic_plus_vl53l1x,19.6
2893.792,B_ultrasonic_plus_vl53l1x,19.6
2893.922,B_ultrasonic_plus_vl53l1x,19.6
2893.986,B_ultrasonic_plus_vl53l1x,19.6
2894.116,B_ultrasonic_plus_vl53l1x,19.6
2894.180,B_ultrasonic_plus_vl53l1x,19.6
2894.309,B_ultrasonic_plus_vl53l1x,19.6
2894.374,B_ultrasonic_plus_vl53l1x,19.6
2894.503,B_ultrasonic_plus_vl53l1x,19.6
2894.567,B_ultrasonic_plus_vl53l1x,19.6
2894.697,B_ultrasonic_plus_vl53l1x,19.6
2894.826,B_ultrasonic_plus_vl53l1x,19.6
2894.891,B_ultrasonic_plus_vl53l1x,19.6
2895.020,B_ultrasonic_plus_vl53l1x,19.6
2895.084,B_ultrasonic_plus_vl53l1x,19.6
2895.214,B_ultrasonic_plus_vl53l1x,19.6
2895.278,B_ultrasonic_plus_vl53l1x,19.6
2895.408,B_ultrasonic_plus_vl53l1x,19.6
2895.472,B_ultrasonic_plus_vl53l1x,19.6
2895.601,B_ultrasonic_plus_vl53l1x,19.6
2895.666,B_ultrasonic_plus_vl53l1x,19.6
2895.795,B_ultrasonic_plus_vl53l1x,19.6
2895.924,B_ultrasonic_plus_vl53l1x,19.6
2895.989,B_ultrasonic_plus_vl53l1x,19.6
2896.118,B_ultrasonic_plus_vl53l1x,19.5
2896.183,B_ultrasonic_plus_vl53l1x,19.6
2896.312,B_ultrasonic_plus_vl53l1x,19.6
2896.376,B_ultrasonic_plus_vl53l1x,19.6
2896.506,B_ultrasonic_plus_vl53l1x,19.6
2896.570,B_ultrasonic_plus_vl53l1x,19.6
2896.700,B_ultrasonic_plus_vl53l1x,19.5
2896.829,B_ultrasonic_plus_vl53l1x,19.6
2896.893,B_ultrasonic_plus_vl53l1x,19.6
2897.023,B_ultrasonic_plus_vl53l1x,19.6
2897.087,B_ultrasonic_plus_vl53l1x,19.6
2897.216,B_ultrasonic_plus_vl53l1x,19.6
2897.281,B_ultrasonic_plus_vl53l1x,19.6
2897.410,B_ultrasonic_plus_vl53l1x,19.6
2897.475,B_ultrasonic_plus_vl53l1x,19.6
2897.604,B_ultrasonic_plus_vl53l1x,19.7
2897.668,B_ultrasonic_plus_vl53l1x,19.6
2897.798,B_ultrasonic_plus_vl53l1x,19.6
2897.927,B_ultrasonic_plus_vl53l1x,19.6
2897.992,B_ultrasonic_plus_vl53l1x,19.6
2898.121,B_ultrasonic_plus_vl53l1x,19.6
2898.185,B_ultrasonic_plus_vl53l1x,19.6
2898.314,B_ultrasonic_plus_vl53l1x,19.6
2898.379,B_ultrasonic_plus_vl53l1x,19.6
2898.508,B_ultrasonic_plus_vl53l1x,19.6
2898.573,B_ultrasonic_plus_vl53l1x,19.6
2898.702,B_ultrasonic_plus_vl53l1x,19.6
2898.831,B_ultrasonic_plus_vl53l1x,19.6
2898.896,B_ultrasonic_plus_vl53l1x,19.6
2899.025,B_ultrasonic_plus_vl53l1x,19.6
2899.090,B_ultrasonic_plus_vl53l1x,19.6
2899.219,B_ultrasonic_plus_vl53l1x,19.6
2899.283,B_ultrasonic_plus_vl53l1x,19.6
2899.413,B_ultrasonic_plus_vl53l1x,19.6
2899.477,B_ultrasonic_plus_vl53l1x,19.6
2899.607,B_ultrasonic_plus_vl53l1x,19.6
2899.736,B_ultrasonic_plus_vl53l1x,19.6
2899.800,B_ultrasonic_plus_vl53l1x,19.6
2899.930,B_ultrasonic_plus_vl53l1x,19.6
2899.994,B_ultrasonic_plus_vl53l1x,19.6
2900.123,B_ultrasonic_plus_vl53l1x,19.6
2900.188,B_ultrasonic_plus_vl53l1x,19.6
2900.317,B_ultrasonic_plus_vl53l1x,19.6
2900.382,B_ultrasonic_plus_vl53l1x,19.6
2900.511,B_ultrasonic_plus_vl53l1x,19.6
2900.575,B_ultrasonic_plus_vl53l1x,19.6
2900.705,B_ultrasonic_plus_vl53l1x,19.6
2900.834,B_ultrasonic_plus_vl53l1x,19.6
2900.899,B_ultrasonic_plus_vl53l1x,19.6
2901.028,B_ultrasonic_plus_vl53l1x,19.5
2901.093,B_ultrasonic_plus_vl53l1x,19.6
2901.222,B_ultrasonic_plus_vl53l1x,19.6
2901.286,B_ultrasonic_plus_vl53l1x,19.6
2901.415,B_ultrasonic_plus_vl53l1x,19.6
2901.480,B_ultrasonic_plus_vl53l1x,19.6
2901.609,B_ultrasonic_plus_vl53l1x,19.6
2901.738,B_ultrasonic_plus_vl53l1x,19.6
2901.803,B_ultrasonic_plus_vl53l1x,19.6
2901.932,B_ultrasonic_plus_vl53l1x,19.6
2901.997,B_ultrasonic_plus_vl53l1x,19.6
2902.126,B_ultrasonic_plus_vl53l1x,19.6
2902.190,B_ultrasonic_plus_vl53l1x,19.6
2902.320,B_ultrasonic_plus_vl53l1x,19.6
2902.384,B_ultrasonic_plus_vl53l1x,19.6
2902.513,B_ultrasonic_plus_vl53l1x,19.6
2902.643,B_ultrasonic_plus_vl53l1x,19.6
2902.708,B_ultrasonic_plus_vl53l1x,19.6
2902.837,B_ultrasonic_plus_vl53l1x,19.6
2902.901,B_ultrasonic_plus_vl53l1x,19.6
2903.031,B_ultrasonic_plus_vl53l1x,19.5
2903.095,B_ultrasonic_plus_vl53l1x,19.6
2903.224,B_ultrasonic_plus_vl53l1x,19.6
